[
    {
        "filiere": {
            "code": "F001",
            "id": 1,
            "libelle": "GENERAL"
        },
        "id": 208,
        "libelle": "TLE D (ARABE)",
        "niveau": {
            "code": "12",
            "id": 12,
            "libelle": "Terminale D",
            "ordre": 14
        },
        "niveauEnseignement": {
            "code": "2",
            "id": 2,
            "libelle": "Enseignement Secondaire Générale"
        },
        "programme": {
            "code": "PRG_AR",
            "dateCreation": "2024-07-28T12:39:46Z[UTC]",
            "dateUpdate": "2024-07-28T12:39:46Z[UTC]",
            "id": "4f9b87d2-ee83-4d8f-a88e-1450a223d33b",
            "libelle": "Arabe"
        },
        "serie": {
            "code": "D",
            "id": 2,
            "libelle": "D"
        }
    },
    {
        "filiere": {
            "code": "F001",
            "id": 1,
            "libelle": "GENERAL"
        },
        "id": 15,
        "libelle": "TLE D",
        "niveau": {
            "code": "12",
            "id": 12,
            "libelle": "Terminale D",
            "ordre": 14
        },
        "niveauEnseignement": {
            "code": "2",
            "id": 2,
            "libelle": "Enseignement Secondaire Générale"
        },
        "programme": {
            "code": "PRG_CI",
            "dateCreation": "2024-07-28T12:39:46Z[UTC]",
            "dateUpdate": "2024-07-28T12:39:46Z[UTC]",
            "id": "efae384a-688f-4b0e-b6fd-9e960ebf78fc",
            "libelle": "Ivoirien"
        },
        "serie": {
            "code": "D",
            "id": 2,
            "libelle": "D"
        }
    },
    {
        "filiere": {
            "code": "F001",
            "id": 1,
            "libelle": "GENERAL"
        },
        "id": 207,
        "libelle": "TLE C (ARABE)",
        "niveau": {
            "code": "11",
            "id": 11,
            "libelle": "Terminale C",
            "ordre": 13
        },
        "niveauEnseignement": {
            "code": "2",
            "id": 2,
            "libelle": "Enseignement Secondaire Générale"
        },
        "programme": {
            "code": "PRG_AR",
            "dateCreation": "2024-07-28T12:39:46Z[UTC]",
            "dateUpdate": "2024-07-28T12:39:46Z[UTC]",
            "id": "4f9b87d2-ee83-4d8f-a88e-1450a223d33b",
            "libelle": "Arabe"
        },
        "serie": {
            "code": "C",
            "id": 1,
            "libelle": "C"
        }
    },
    {
        "filiere": {
            "code": "F001",
            "id": 1,
            "libelle": "GENERAL"
        },
        "id": 14,
        "libelle": "TLE C",
        "niveau": {
            "code": "11",
            "id": 11,
            "libelle": "Terminale C",
            "ordre": 13
        },
        "niveauEnseignement": {
            "code": "2",
            "id": 2,
            "libelle": "Enseignement Secondaire Générale"
        },
        "programme": {
            "code": "PRG_CI",
            "dateCreation": "2024-07-28T12:39:46Z[UTC]",
            "dateUpdate": "2024-07-28T12:39:46Z[UTC]",
            "id": "efae384a-688f-4b0e-b6fd-9e960ebf78fc",
            "libelle": "Ivoirien"
        },
        "serie": {
            "code": "C",
            "id": 1,
            "libelle": "C"
        }
    },
    {
        "filiere": {
            "code": "F001",
            "id": 1,
            "libelle": "GENERAL"
        },
        "id": 210,
        "libelle": "TLE A2 (ARABE)",
        "niveau": {
            "code": "07",
            "id": 7,
            "libelle": "Terminale A",
            "ordre": 10
        },
        "niveauEnseignement": {
            "code": "2",
            "id": 2,
            "libelle": "Enseignement Secondaire Générale"
        },
        "programme": {
            "code": "PRG_AR",
            "dateCreation": "2024-07-28T12:39:46Z[UTC]",
            "dateUpdate": "2024-07-28T12:39:46Z[UTC]",
            "id": "4f9b87d2-ee83-4d8f-a88e-1450a223d33b",
            "libelle": "Arabe"
        },
        "serie": {
            "code": "A",
            "id": 5,
            "libelle": "A"
        }
    },
    {
        "filiere": {
            "code": "F001",
            "id": 1,
            "libelle": "GENERAL"
        },
        "id": 16,
        "libelle": "TLE A2",
        "niveau": {
            "code": "07",
            "id": 7,
            "libelle": "Terminale A",
            "ordre": 10
        },
        "niveauEnseignement": {
            "code": "2",
            "id": 2,
            "libelle": "Enseignement Secondaire Générale"
        },
        "programme": {
            "code": "PRG_CI",
            "dateCreation": "2024-07-28T12:39:46Z[UTC]",
            "dateUpdate": "2024-07-28T12:39:46Z[UTC]",
            "id": "efae384a-688f-4b0e-b6fd-9e960ebf78fc",
            "libelle": "Ivoirien"
        },
        "serie": {
            "code": "A",
            "id": 5,
            "libelle": "A"
        }
    },
    {
        "filiere": {
            "code": "F001",
            "id": 1,
            "libelle": "GENERAL"
        },
        "id": 206,
        "libelle": "TLE A1 (ARABE)",
        "niveau": {
            "code": "07",
            "id": 7,
            "libelle": "Terminale A",
            "ordre": 10
        },
        "niveauEnseignement": {
            "code": "2",
            "id": 2,
            "libelle": "Enseignement Secondaire Générale"
        },
        "programme": {
            "code": "PRG_AR",
            "dateCreation": "2024-07-28T12:39:46Z[UTC]",
            "dateUpdate": "2024-07-28T12:39:46Z[UTC]",
            "id": "4f9b87d2-ee83-4d8f-a88e-1450a223d33b",
            "libelle": "Arabe"
        },
        "serie": {
            "code": "A",
            "id": 5,
            "libelle": "A"
        }
    },
    {
        "filiere": {
            "code": "F001",
            "id": 1,
            "libelle": "GENERAL"
        },
        "id": 13,
        "libelle": "TLE A1",
        "niveau": {
            "code": "07",
            "id": 7,
            "libelle": "Terminale A",
            "ordre": 10
        },
        "niveauEnseignement": {
            "code": "2",
            "id": 2,
            "libelle": "Enseignement Secondaire Générale"
        },
        "programme": {
            "code": "PRG_CI",
            "dateCreation": "2024-07-28T12:39:46Z[UTC]",
            "dateUpdate": "2024-07-28T12:39:46Z[UTC]",
            "id": "efae384a-688f-4b0e-b6fd-9e960ebf78fc",
            "libelle": "Ivoirien"
        },
        "serie": {
            "code": "A",
            "id": 5,
            "libelle": "A"
        }
    },
    {
        "filiere": {
            "code": "F003",
            "id": 3,
            "libelle": "SUPERIEUR"
        },
        "id": 3,
        "libelle": "RHCOM 1A BTS",
        "niveauEnseignement": {
            "code": "2",
            "id": 2,
            "libelle": "Enseignement Secondaire Générale"
        },
        "programme": {
            "code": "PRG_CI",
            "dateCreation": "2024-07-28T12:39:46Z[UTC]",
            "dateUpdate": "2024-07-28T12:39:46Z[UTC]",
            "id": "efae384a-688f-4b0e-b6fd-9e960ebf78fc",
            "libelle": "Ivoirien"
        }
    },
    {
        "id": 237,
        "libelle": "NIVEAU 3",
        "niveauEnseignement": {
            "code": "2",
            "id": 2,
            "libelle": "Enseignement Secondaire Générale"
        },
        "programme": {
            "code": "PRG_AR",
            "dateCreation": "2024-07-28T12:39:46Z[UTC]",
            "dateUpdate": "2024-07-28T12:39:46Z[UTC]",
            "id": "4f9b87d2-ee83-4d8f-a88e-1450a223d33b",
            "libelle": "Arabe"
        }
    },
    {
        "id": 236,
        "libelle": "NIVEAU 2",
        "niveauEnseignement": {
            "code": "2",
            "id": 2,
            "libelle": "Enseignement Secondaire Générale"
        },
        "programme": {
            "code": "PRG_AR",
            "dateCreation": "2024-07-28T12:39:46Z[UTC]",
            "dateUpdate": "2024-07-28T12:39:46Z[UTC]",
            "id": "4f9b87d2-ee83-4d8f-a88e-1450a223d33b",
            "libelle": "Arabe"
        }
    },
    {
        "id": 235,
        "libelle": "NIVEAU 1",
        "niveauEnseignement": {
            "code": "2",
            "id": 2,
            "libelle": "Enseignement Secondaire Générale"
        },
        "programme": {
            "code": "PRG_AR",
            "dateCreation": "2024-07-28T12:39:46Z[UTC]",
            "dateUpdate": "2024-07-28T12:39:46Z[UTC]",
            "id": "4f9b87d2-ee83-4d8f-a88e-1450a223d33b",
            "libelle": "Arabe"
        }
    },
    {
        "id": 230,
        "libelle": "MATERNELLE PETITE SECTION(ARABE)",
        "niveauEnseignement": {
            "code": "2",
            "id": 2,
            "libelle": "Enseignement Secondaire Générale"
        },
        "programme": {
            "code": "PRG_AR",
            "dateCreation": "2024-07-28T12:39:46Z[UTC]",
            "dateUpdate": "2024-07-28T12:39:46Z[UTC]",
            "id": "4f9b87d2-ee83-4d8f-a88e-1450a223d33b",
            "libelle": "Arabe"
        }
    },
    {
        "id": 224,
        "libelle": "MATERNELLE PETITE SECTION",
        "niveauEnseignement": {
            "code": "2",
            "id": 2,
            "libelle": "Enseignement Secondaire Générale"
        },
        "programme": {
            "code": "PRG_CI",
            "dateCreation": "2024-07-28T12:39:46Z[UTC]",
            "dateUpdate": "2024-07-28T12:39:46Z[UTC]",
            "id": "efae384a-688f-4b0e-b6fd-9e960ebf78fc",
            "libelle": "Ivoirien"
        }
    },
    {
        "id": 231,
        "libelle": "MATERNELLE MOYENNE SECTION(ARABE)",
        "niveauEnseignement": {
            "code": "2",
            "id": 2,
            "libelle": "Enseignement Secondaire Générale"
        },
        "programme": {
            "code": "PRG_AR",
            "dateCreation": "2024-07-28T12:39:46Z[UTC]",
            "dateUpdate": "2024-07-28T12:39:46Z[UTC]",
            "id": "4f9b87d2-ee83-4d8f-a88e-1450a223d33b",
            "libelle": "Arabe"
        }
    },
    {
        "id": 232,
        "libelle": "MATERNELLE MOYENNE SECTION",
        "niveauEnseignement": {
            "code": "2",
            "id": 2,
            "libelle": "Enseignement Secondaire Générale"
        },
        "programme": {
            "code": "PRG_CI",
            "dateCreation": "2024-07-28T12:39:46Z[UTC]",
            "dateUpdate": "2024-07-28T12:39:46Z[UTC]",
            "id": "efae384a-688f-4b0e-b6fd-9e960ebf78fc",
            "libelle": "Ivoirien"
        }
    },
    {
        "id": 234,
        "libelle": "MATERNELLE GRANDE SECTION(ARABE)",
        "niveauEnseignement": {
            "code": "2",
            "id": 2,
            "libelle": "Enseignement Secondaire Générale"
        },
        "programme": {
            "code": "PRG_AR",
            "dateCreation": "2024-07-28T12:39:46Z[UTC]",
            "dateUpdate": "2024-07-28T12:39:46Z[UTC]",
            "id": "4f9b87d2-ee83-4d8f-a88e-1450a223d33b",
            "libelle": "Arabe"
        }
    },
    {
        "id": 233,
        "libelle": "MATERNELLE GRANDE SECTION",
        "niveauEnseignement": {
            "code": "2",
            "id": 2,
            "libelle": "Enseignement Secondaire Générale"
        },
        "programme": {
            "code": "PRG_CI",
            "dateCreation": "2024-07-28T12:39:46Z[UTC]",
            "dateUpdate": "2024-07-28T12:39:46Z[UTC]",
            "id": "efae384a-688f-4b0e-b6fd-9e960ebf78fc",
            "libelle": "Ivoirien"
        }
    },
    {
        "filiere": {
            "code": "F005",
            "id": 5,
            "libelle": "PRIMAIRE"
        },
        "id": 219,
        "libelle": "CP2 (ARABE)",
        "niveau": {
            "code": "109",
            "id": 109,
            "libelle": "CP",
            "ordre": 109
        },
        "niveauEnseignement": {
            "code": "2",
            "id": 2,
            "libelle": "Enseignement Secondaire Générale"
        },
        "programme": {
            "code": "PRG_AR",
            "dateCreation": "2024-07-28T12:39:46Z[UTC]",
            "dateUpdate": "2024-07-28T12:39:46Z[UTC]",
            "id": "4f9b87d2-ee83-4d8f-a88e-1450a223d33b",
            "libelle": "Arabe"
        }
    },
    {
        "filiere": {
            "code": "F005",
            "id": 5,
            "libelle": "PRIMAIRE"
        },
        "id": 229,
        "libelle": "CP2",
        "niveauEnseignement": {
            "code": "2",
            "id": 2,
            "libelle": "Enseignement Secondaire Générale"
        },
        "programme": {
            "code": "PRG_CI",
            "dateCreation": "2024-07-28T12:39:46Z[UTC]",
            "dateUpdate": "2024-07-28T12:39:46Z[UTC]",
            "id": "efae384a-688f-4b0e-b6fd-9e960ebf78fc",
            "libelle": "Ivoirien"
        }
    },
    {
        "filiere": {
            "code": "F005",
            "id": 5,
            "libelle": "PRIMAIRE"
        },
        "id": 218,
        "libelle": "CP1 (ARABE)",
        "niveau": {
            "code": "109",
            "id": 109,
            "libelle": "CP",
            "ordre": 109
        },
        "niveauEnseignement": {
            "code": "2",
            "id": 2,
            "libelle": "Enseignement Secondaire Générale"
        },
        "programme": {
            "code": "PRG_AR",
            "dateCreation": "2024-07-28T12:39:46Z[UTC]",
            "dateUpdate": "2024-07-28T12:39:46Z[UTC]",
            "id": "4f9b87d2-ee83-4d8f-a88e-1450a223d33b",
            "libelle": "Arabe"
        }
    },
    {
        "filiere": {
            "code": "F005",
            "id": 5,
            "libelle": "PRIMAIRE"
        },
        "id": 6,
        "libelle": "CP1",
        "niveauEnseignement": {
            "code": "2",
            "id": 2,
            "libelle": "Enseignement Secondaire Générale"
        },
        "programme": {
            "code": "PRG_CI",
            "dateCreation": "2024-07-28T12:39:46Z[UTC]",
            "dateUpdate": "2024-07-28T12:39:46Z[UTC]",
            "id": "efae384a-688f-4b0e-b6fd-9e960ebf78fc",
            "libelle": "Ivoirien"
        }
    },
    {
        "filiere": {
            "code": "F005",
            "id": 5,
            "libelle": "PRIMAIRE"
        },
        "id": 223,
        "libelle": "CM2 (ARABE)",
        "niveau": {
            "code": "111",
            "id": 111,
            "libelle": "CM",
            "ordre": 111
        },
        "niveauEnseignement": {
            "code": "2",
            "id": 2,
            "libelle": "Enseignement Secondaire Générale"
        },
        "programme": {
            "code": "PRG_AR",
            "dateCreation": "2024-07-28T12:39:46Z[UTC]",
            "dateUpdate": "2024-07-28T12:39:46Z[UTC]",
            "id": "4f9b87d2-ee83-4d8f-a88e-1450a223d33b",
            "libelle": "Arabe"
        }
    },
    {
        "filiere": {
            "code": "F005",
            "id": 5,
            "libelle": "PRIMAIRE"
        },
        "id": 228,
        "libelle": "CM2",
        "niveauEnseignement": {
            "code": "2",
            "id": 2,
            "libelle": "Enseignement Secondaire Générale"
        },
        "programme": {
            "code": "PRG_CI",
            "dateCreation": "2024-07-28T12:39:46Z[UTC]",
            "dateUpdate": "2024-07-28T12:39:46Z[UTC]",
            "id": "efae384a-688f-4b0e-b6fd-9e960ebf78fc",
            "libelle": "Ivoirien"
        }
    },
    {
        "filiere": {
            "code": "F005",
            "id": 5,
            "libelle": "PRIMAIRE"
        },
        "id": 222,
        "libelle": "CM1 (ARABE)",
        "niveau": {
            "code": "111",
            "id": 111,
            "libelle": "CM",
            "ordre": 111
        },
        "niveauEnseignement": {
            "code": "2",
            "id": 2,
            "libelle": "Enseignement Secondaire Générale"
        },
        "programme": {
            "code": "PRG_AR",
            "dateCreation": "2024-07-28T12:39:46Z[UTC]",
            "dateUpdate": "2024-07-28T12:39:46Z[UTC]",
            "id": "4f9b87d2-ee83-4d8f-a88e-1450a223d33b",
            "libelle": "Arabe"
        }
    },
    {
        "filiere": {
            "code": "F005",
            "id": 5,
            "libelle": "PRIMAIRE"
        },
        "id": 227,
        "libelle": "CM1",
        "niveauEnseignement": {
            "code": "2",
            "id": 2,
            "libelle": "Enseignement Secondaire Générale"
        },
        "programme": {
            "code": "PRG_CI",
            "dateCreation": "2024-07-28T12:39:46Z[UTC]",
            "dateUpdate": "2024-07-28T12:39:46Z[UTC]",
            "id": "efae384a-688f-4b0e-b6fd-9e960ebf78fc",
            "libelle": "Ivoirien"
        }
    },
    {
        "filiere": {
            "code": "F005",
            "id": 5,
            "libelle": "PRIMAIRE"
        },
        "id": 221,
        "libelle": "CE2 (ARABE)",
        "niveau": {
            "code": "110",
            "id": 110,
            "libelle": "CE",
            "ordre": 110
        },
        "niveauEnseignement": {
            "code": "2",
            "id": 2,
            "libelle": "Enseignement Secondaire Générale"
        },
        "programme": {
            "code": "PRG_AR",
            "dateCreation": "2024-07-28T12:39:46Z[UTC]",
            "dateUpdate": "2024-07-28T12:39:46Z[UTC]",
            "id": "4f9b87d2-ee83-4d8f-a88e-1450a223d33b",
            "libelle": "Arabe"
        }
    },
    {
        "filiere": {
            "code": "F005",
            "id": 5,
            "libelle": "PRIMAIRE"
        },
        "id": 226,
        "libelle": "CE2",
        "niveauEnseignement": {
            "code": "2",
            "id": 2,
            "libelle": "Enseignement Secondaire Générale"
        },
        "programme": {
            "code": "PRG_CI",
            "dateCreation": "2024-07-28T12:39:46Z[UTC]",
            "dateUpdate": "2024-07-28T12:39:46Z[UTC]",
            "id": "efae384a-688f-4b0e-b6fd-9e960ebf78fc",
            "libelle": "Ivoirien"
        }
    },
    {
        "filiere": {
            "code": "F005",
            "id": 5,
            "libelle": "PRIMAIRE"
        },
        "id": 220,
        "libelle": "CE1 (ARABE)",
        "niveau": {
            "code": "110",
            "id": 110,
            "libelle": "CE",
            "ordre": 110
        },
        "niveauEnseignement": {
            "code": "2",
            "id": 2,
            "libelle": "Enseignement Secondaire Générale"
        },
        "programme": {
            "code": "PRG_AR",
            "dateCreation": "2024-07-28T12:39:46Z[UTC]",
            "dateUpdate": "2024-07-28T12:39:46Z[UTC]",
            "id": "4f9b87d2-ee83-4d8f-a88e-1450a223d33b",
            "libelle": "Arabe"
        }
    },
    {
        "filiere": {
            "code": "F005",
            "id": 5,
            "libelle": "PRIMAIRE"
        },
        "id": 225,
        "libelle": "CE1",
        "niveauEnseignement": {
            "code": "2",
            "id": 2,
            "libelle": "Enseignement Secondaire Générale"
        },
        "programme": {
            "code": "PRG_CI",
            "dateCreation": "2024-07-28T12:39:46Z[UTC]",
            "dateUpdate": "2024-07-28T12:39:46Z[UTC]",
            "id": "efae384a-688f-4b0e-b6fd-9e960ebf78fc",
            "libelle": "Ivoirien"
        }
    },
    {
        "filiere": {
            "code": "F001",
            "id": 1,
            "libelle": "GENERAL"
        },
        "id": 198,
        "libelle": "6EME (ARABE)",
        "niveau": {
            "code": "01",
            "id": 1,
            "libelle": "Sixième",
            "ordre": 1
        },
        "niveauEnseignement": {
            "code": "2",
            "id": 2,
            "libelle": "Enseignement Secondaire Générale"
        },
        "programme": {
            "code": "PRG_AR",
            "dateCreation": "2024-07-28T12:39:46Z[UTC]",
            "dateUpdate": "2024-07-28T12:39:46Z[UTC]",
            "id": "4f9b87d2-ee83-4d8f-a88e-1450a223d33b",
            "libelle": "Arabe"
        }
    },
    {
        "filiere": {
            "code": "F001",
            "id": 1,
            "libelle": "GENERAL"
        },
        "id": 1,
        "libelle": "6EME",
        "niveau": {
            "code": "01",
            "id": 1,
            "libelle": "Sixième",
            "ordre": 1
        },
        "niveauEnseignement": {
            "code": "2",
            "id": 2,
            "libelle": "Enseignement Secondaire Générale"
        },
        "programme": {
            "code": "PRG_CI",
            "dateCreation": "2024-07-28T12:39:46Z[UTC]",
            "dateUpdate": "2024-07-28T12:39:46Z[UTC]",
            "id": "efae384a-688f-4b0e-b6fd-9e960ebf78fc",
            "libelle": "Ivoirien"
        }
    },
    {
        "filiere": {
            "code": "F001",
            "id": 1,
            "libelle": "GENERAL"
        },
        "id": 199,
        "libelle": "5EME (ARABE)",
        "niveau": {
            "code": "02",
            "id": 2,
            "libelle": "Cinquième",
            "ordre": 2
        },
        "niveauEnseignement": {
            "code": "2",
            "id": 2,
            "libelle": "Enseignement Secondaire Générale"
        },
        "programme": {
            "code": "PRG_AR",
            "dateCreation": "2024-07-28T12:39:46Z[UTC]",
            "dateUpdate": "2024-07-28T12:39:46Z[UTC]",
            "id": "4f9b87d2-ee83-4d8f-a88e-1450a223d33b",
            "libelle": "Arabe"
        }
    },
    {
        "filiere": {
            "code": "F001",
            "id": 1,
            "libelle": "GENERAL"
        },
        "id": 2,
        "libelle": "5EME",
        "niveau": {
            "code": "02",
            "id": 2,
            "libelle": "Cinquième",
            "ordre": 2
        },
        "niveauEnseignement": {
            "code": "2",
            "id": 2,
            "libelle": "Enseignement Secondaire Générale"
        },
        "programme": {
            "code": "PRG_CI",
            "dateCreation": "2024-07-28T12:39:46Z[UTC]",
            "dateUpdate": "2024-07-28T12:39:46Z[UTC]",
            "id": "efae384a-688f-4b0e-b6fd-9e960ebf78fc",
            "libelle": "Ivoirien"
        }
    },
    {
        "filiere": {
            "code": "F001",
            "id": 1,
            "libelle": "GENERAL"
        },
        "id": 211,
        "libelle": "4EME (ARABE)",
        "niveau": {
            "code": "03",
            "id": 3,
            "libelle": "Quatrième",
            "ordre": 3
        },
        "niveauEnseignement": {
            "code": "2",
            "id": 2,
            "libelle": "Enseignement Secondaire Générale"
        },
        "programme": {
            "code": "PRG_AR",
            "dateCreation": "2024-07-28T12:39:46Z[UTC]",
            "dateUpdate": "2024-07-28T12:39:46Z[UTC]",
            "id": "4f9b87d2-ee83-4d8f-a88e-1450a223d33b",
            "libelle": "Arabe"
        }
    },
    {
        "filiere": {
            "code": "F001",
            "id": 1,
            "libelle": "GENERAL"
        },
        "id": 7,
        "libelle": "4EME",
        "niveau": {
            "code": "03",
            "id": 3,
            "libelle": "Quatrième",
            "ordre": 3
        },
        "niveauEnseignement": {
            "code": "2",
            "id": 2,
            "libelle": "Enseignement Secondaire Générale"
        },
        "programme": {
            "code": "PRG_CI",
            "dateCreation": "2024-07-28T12:39:46Z[UTC]",
            "dateUpdate": "2024-07-28T12:39:46Z[UTC]",
            "id": "efae384a-688f-4b0e-b6fd-9e960ebf78fc",
            "libelle": "Ivoirien"
        }
    },
    {
        "filiere": {
            "code": "F001",
            "id": 1,
            "libelle": "GENERAL"
        },
        "id": 200,
        "libelle": "3EME (ARABE)",
        "niveau": {
            "code": "04",
            "id": 4,
            "libelle": "Troisième",
            "ordre": 4
        },
        "niveauEnseignement": {
            "code": "2",
            "id": 2,
            "libelle": "Enseignement Secondaire Générale"
        },
        "programme": {
            "code": "PRG_AR",
            "dateCreation": "2024-07-28T12:39:46Z[UTC]",
            "dateUpdate": "2024-07-28T12:39:46Z[UTC]",
            "id": "4f9b87d2-ee83-4d8f-a88e-1450a223d33b",
            "libelle": "Arabe"
        }
    },
    {
        "filiere": {
            "code": "F001",
            "id": 1,
            "libelle": "GENERAL"
        },
        "id": 8,
        "libelle": "3EME",
        "niveau": {
            "code": "04",
            "id": 4,
            "libelle": "Troisième",
            "ordre": 4
        },
        "niveauEnseignement": {
            "code": "2",
            "id": 2,
            "libelle": "Enseignement Secondaire Générale"
        },
        "programme": {
            "code": "PRG_CI",
            "dateCreation": "2024-07-28T12:39:46Z[UTC]",
            "dateUpdate": "2024-07-28T12:39:46Z[UTC]",
            "id": "efae384a-688f-4b0e-b6fd-9e960ebf78fc",
            "libelle": "Ivoirien"
        }
    },
    {
        "filiere": {
            "code": "F004",
            "id": 4,
            "libelle": "TECHNIQUE"
        },
        "id": 4,
        "libelle": "2NDE G2",
        "niveau": {
            "code": "05",
            "id": 5,
            "libelle": "Seconde A",
            "ordre": 5
        },
        "niveauEnseignement": {
            "code": "2",
            "id": 2,
            "libelle": "Enseignement Secondaire Générale"
        },
        "programme": {
            "code": "PRG_CI",
            "dateCreation": "2024-07-28T12:39:46Z[UTC]",
            "dateUpdate": "2024-07-28T12:39:46Z[UTC]",
            "id": "efae384a-688f-4b0e-b6fd-9e960ebf78fc",
            "libelle": "Ivoirien"
        },
        "serie": {
            "code": "G2",
            "id": 4,
            "libelle": "G2"
        }
    },
    {
        "filiere": {
            "code": "F001",
            "id": 1,
            "libelle": "GENERAL"
        },
        "id": 205,
        "libelle": "2ND C (ARABE)",
        "niveau": {
            "code": "08",
            "id": 8,
            "libelle": "Seconde C",
            "ordre": 6
        },
        "niveauEnseignement": {
            "code": "2",
            "id": 2,
            "libelle": "Enseignement Secondaire Générale"
        },
        "programme": {
            "code": "PRG_AR",
            "dateCreation": "2024-07-28T12:39:46Z[UTC]",
            "dateUpdate": "2024-07-28T12:39:46Z[UTC]",
            "id": "4f9b87d2-ee83-4d8f-a88e-1450a223d33b",
            "libelle": "Arabe"
        },
        "serie": {
            "code": "C",
            "id": 1,
            "libelle": "C"
        }
    },
    {
        "filiere": {
            "code": "F001",
            "id": 1,
            "libelle": "GENERAL"
        },
        "id": 10,
        "libelle": "2ND C",
        "niveau": {
            "code": "08",
            "id": 8,
            "libelle": "Seconde C",
            "ordre": 6
        },
        "niveauEnseignement": {
            "code": "2",
            "id": 2,
            "libelle": "Enseignement Secondaire Générale"
        },
        "programme": {
            "code": "PRG_CI",
            "dateCreation": "2024-07-28T12:39:46Z[UTC]",
            "dateUpdate": "2024-07-28T12:39:46Z[UTC]",
            "id": "efae384a-688f-4b0e-b6fd-9e960ebf78fc",
            "libelle": "Ivoirien"
        },
        "serie": {
            "code": "C",
            "id": 1,
            "libelle": "C"
        }
    },
    {
        "filiere": {
            "code": "F001",
            "id": 1,
            "libelle": "GENERAL"
        },
        "id": 204,
        "libelle": "2ND A (ARABE)",
        "niveau": {
            "code": "05",
            "id": 5,
            "libelle": "Seconde A",
            "ordre": 5
        },
        "niveauEnseignement": {
            "code": "2",
            "id": 2,
            "libelle": "Enseignement Secondaire Générale"
        },
        "programme": {
            "code": "PRG_AR",
            "dateCreation": "2024-07-28T12:39:46Z[UTC]",
            "dateUpdate": "2024-07-28T12:39:46Z[UTC]",
            "id": "4f9b87d2-ee83-4d8f-a88e-1450a223d33b",
            "libelle": "Arabe"
        },
        "serie": {
            "code": "A",
            "id": 5,
            "libelle": "A"
        }
    },
    {
        "filiere": {
            "code": "F001",
            "id": 1,
            "libelle": "GENERAL"
        },
        "id": 9,
        "libelle": "2ND A",
        "niveau": {
            "code": "05",
            "id": 5,
            "libelle": "Seconde A",
            "ordre": 5
        },
        "niveauEnseignement": {
            "code": "2",
            "id": 2,
            "libelle": "Enseignement Secondaire Générale"
        },
        "programme": {
            "code": "PRG_CI",
            "dateCreation": "2024-07-28T12:39:46Z[UTC]",
            "dateUpdate": "2024-07-28T12:39:46Z[UTC]",
            "id": "efae384a-688f-4b0e-b6fd-9e960ebf78fc",
            "libelle": "Ivoirien"
        },
        "serie": {
            "code": "A",
            "id": 5,
            "libelle": "A"
        }
    },
    {
        "filiere": {
            "code": "F001",
            "id": 1,
            "libelle": "GENERAL"
        },
        "id": 203,
        "libelle": "1 ERE D (ARABE)",
        "niveau": {
            "code": "10",
            "id": 10,
            "libelle": "Première D",
            "ordre": 9
        },
        "niveauEnseignement": {
            "code": "2",
            "id": 2,
            "libelle": "Enseignement Secondaire Générale"
        },
        "programme": {
            "code": "PRG_AR",
            "dateCreation": "2024-07-28T12:39:46Z[UTC]",
            "dateUpdate": "2024-07-28T12:39:46Z[UTC]",
            "id": "4f9b87d2-ee83-4d8f-a88e-1450a223d33b",
            "libelle": "Arabe"
        }
    },
    {
        "filiere": {
            "code": "F001",
            "id": 1,
            "libelle": "GENERAL"
        },
        "id": 12,
        "libelle": "1 ERE D",
        "niveau": {
            "code": "10",
            "id": 10,
            "libelle": "Première D",
            "ordre": 9
        },
        "niveauEnseignement": {
            "code": "2",
            "id": 2,
            "libelle": "Enseignement Secondaire Générale"
        },
        "programme": {
            "code": "PRG_CI",
            "dateCreation": "2024-07-28T12:39:46Z[UTC]",
            "dateUpdate": "2024-07-28T12:39:46Z[UTC]",
            "id": "efae384a-688f-4b0e-b6fd-9e960ebf78fc",
            "libelle": "Ivoirien"
        }
    },
    {
        "filiere": {
            "code": "F001",
            "id": 1,
            "libelle": "GENERAL"
        },
        "id": 201,
        "libelle": "1 ERE C (ARABE)",
        "niveau": {
            "code": "09",
            "id": 9,
            "libelle": "Première C",
            "ordre": 8
        },
        "niveauEnseignement": {
            "code": "2",
            "id": 2,
            "libelle": "Enseignement Secondaire Générale"
        },
        "programme": {
            "code": "PRG_AR",
            "dateCreation": "2024-07-28T12:39:46Z[UTC]",
            "dateUpdate": "2024-07-28T12:39:46Z[UTC]",
            "id": "4f9b87d2-ee83-4d8f-a88e-1450a223d33b",
            "libelle": "Arabe"
        },
        "serie": {
            "code": "C",
            "id": 1,
            "libelle": "C"
        }
    },
    {
        "filiere": {
            "code": "F001",
            "id": 1,
            "libelle": "GENERAL"
        },
        "id": 5,
        "libelle": "1 ERE C",
        "niveau": {
            "code": "09",
            "id": 9,
            "libelle": "Première C",
            "ordre": 8
        },
        "niveauEnseignement": {
            "code": "2",
            "id": 2,
            "libelle": "Enseignement Secondaire Générale"
        },
        "programme": {
            "code": "PRG_CI",
            "dateCreation": "2024-07-28T12:39:46Z[UTC]",
            "dateUpdate": "2024-07-28T12:39:46Z[UTC]",
            "id": "efae384a-688f-4b0e-b6fd-9e960ebf78fc",
            "libelle": "Ivoirien"
        },
        "serie": {
            "code": "C",
            "id": 1,
            "libelle": "C"
        }
    },
    {
        "filiere": {
            "code": "F001",
            "id": 1,
            "libelle": "GENERAL"
        },
        "id": 202,
        "libelle": "1 ERE A (ARABE)",
        "niveau": {
            "code": "06",
            "id": 6,
            "libelle": "Première A",
            "ordre": 7
        },
        "niveauEnseignement": {
            "code": "2",
            "id": 2,
            "libelle": "Enseignement Secondaire Générale"
        },
        "programme": {
            "code": "PRG_AR",
            "dateCreation": "2024-07-28T12:39:46Z[UTC]",
            "dateUpdate": "2024-07-28T12:39:46Z[UTC]",
            "id": "4f9b87d2-ee83-4d8f-a88e-1450a223d33b",
            "libelle": "Arabe"
        },
        "serie": {
            "code": "A",
            "id": 5,
            "libelle": "A"
        }
    },
    {
        "filiere": {
            "code": "F001",
            "id": 1,
            "libelle": "GENERAL"
        },
        "id": 11,
        "libelle": "1 ERE A",
        "niveau": {
            "code": "06",
            "id": 6,
            "libelle": "Première A",
            "ordre": 7
        },
        "niveauEnseignement": {
            "code": "2",
            "id": 2,
            "libelle": "Enseignement Secondaire Générale"
        },
        "programme": {
            "code": "PRG_CI",
            "dateCreation": "2024-07-28T12:39:46Z[UTC]",
            "dateUpdate": "2024-07-28T12:39:46Z[UTC]",
            "id": "efae384a-688f-4b0e-b6fd-9e960ebf78fc",
            "libelle": "Ivoirien"
        },
        "serie": {
            "code": "A",
            "id": 5,
            "libelle": "A"
        }
    }
]