[
    {
        "fullName": "Oladikpo Rafiu",
        "message_personnel_date": "2023-04-05",
        "message_personnel_id": 280,
        "message_personnel_message": "<div>Bonjour cher candidat!</div><div>Nous avons bien réçu <b>vos informations</b> concernant...</div><div><br></div>",
        "message_personnel_sujet": "PROPOSITION DE RENDEZ-VOUS POUR ENTRETIEN D\"EMBAUCHE"
    },
    {
        "fullName": "Bamba Mouhamed ",
        "message_personnel_date": "2023-04-05",
        "message_personnel_id": 281,
        "message_personnel_message": "<div>Bonjour cher candidat!</div><div>Nous avons bien réçu <b>vos informations</b> concernant...</div><div><br></div>",
        "message_personnel_sujet": "PROPOSITION DE RENDEZ-VOUS POUR ENTRETIEN D\"EMBAUCHE"
    },
    {
        "fullName": "Bayogo  Soungalo ",
        "message_personnel_date": "2023-04-05",
        "message_personnel_id": 282,
        "message_personnel_message": "<div>Bonjour cher candidat!</div><div>Nous avons bien réçu <b>vos informations</b> concernant...</div><div><br></div>",
        "message_personnel_sujet": "PROPOSITION DE RENDEZ-VOUS POUR ENTRETIEN D\"EMBAUCHE"
    },
    {
        "fullName": "CISSE Alliou",
        "message_personnel_date": "2023-04-05",
        "message_personnel_id": 283,
        "message_personnel_message": "<div>Bonjour cher candidat!</div><div>Nous avons bien réçu <b>vos informations</b> concernant...</div><div><br></div>",
        "message_personnel_sujet": "PROPOSITION DE RENDEZ-VOUS POUR ENTRETIEN D\"EMBAUCHE"
    },
    {
        "fullName": "Cisse Billal",
        "message_personnel_date": "2023-04-05",
        "message_personnel_id": 284,
        "message_personnel_message": "<div>Bonjour cher candidat!</div><div>Nous avons bien réçu <b>vos informations</b> concernant...</div><div><br></div>",
        "message_personnel_sujet": "PROPOSITION DE RENDEZ-VOUS POUR ENTRETIEN D\"EMBAUCHE"
    },
    {
        "fullName": "COULIBALY BEH YACOUBA",
        "message_personnel_date": "2023-04-05",
        "message_personnel_id": 285,
        "message_personnel_message": "<div>Bonjour cher candidat!</div><div>Nous avons bien réçu <b>vos informations</b> concernant...</div><div><br></div>",
        "message_personnel_sujet": "PROPOSITION DE RENDEZ-VOUS POUR ENTRETIEN D\"EMBAUCHE"
    },
    {
        "fullName": "DEMBÉLÉ BRAHIMA KACOUONGON",
        "message_personnel_date": "2023-04-05",
        "message_personnel_id": 286,
        "message_personnel_message": "<div>Bonjour cher candidat!</div><div>Nous avons bien réçu <b>vos informations</b> concernant...</div><div><br></div>",
        "message_personnel_sujet": "PROPOSITION DE RENDEZ-VOUS POUR ENTRETIEN D\"EMBAUCHE"
    },
    {
        "fullName": "DIAKITE  Gaye Isaac",
        "message_personnel_date": "2023-04-05",
        "message_personnel_id": 287,
        "message_personnel_message": "<div>Bonjour cher candidat!</div><div>Nous avons bien réçu <b>vos informations</b> concernant...</div><div><br></div>",
        "message_personnel_sujet": "PROPOSITION DE RENDEZ-VOUS POUR ENTRETIEN D\"EMBAUCHE"
    },
    {
        "fullName": "Diara Youba",
        "message_personnel_date": "2023-04-05",
        "message_personnel_id": 288,
        "message_personnel_message": "<div>Bonjour cher candidat!</div><div>Nous avons bien réçu <b>vos informations</b> concernant...</div><div><br></div>",
        "message_personnel_sujet": "PROPOSITION DE RENDEZ-VOUS POUR ENTRETIEN D\"EMBAUCHE"
    },
    {
        "fullName": "Diarra  Mamadou ",
        "message_personnel_date": "2023-04-05",
        "message_personnel_id": 289,
        "message_personnel_message": "<div>Bonjour cher candidat!</div><div>Nous avons bien réçu <b>vos informations</b> concernant...</div><div><br></div>",
        "message_personnel_sujet": "PROPOSITION DE RENDEZ-VOUS POUR ENTRETIEN D\"EMBAUCHE"
    },
    {
        "fullName": "Diarrassouba  Drissa ",
        "message_personnel_date": "2023-04-05",
        "message_personnel_id": 290,
        "message_personnel_message": "<div>Bonjour cher candidat!</div><div>Nous avons bien réçu <b>vos informations</b> concernant...</div><div><br></div>",
        "message_personnel_sujet": "PROPOSITION DE RENDEZ-VOUS POUR ENTRETIEN D\"EMBAUCHE"
    },
    {
        "fullName": "Amara Diomandé ",
        "message_personnel_date": "2023-04-05",
        "message_personnel_id": 291,
        "message_personnel_message": "<div>Bonjour cher candidat!</div><div>Nous avons bien réçu <b>vos informations</b> concernant...</div><div><br></div>",
        "message_personnel_sujet": "PROPOSITION DE RENDEZ-VOUS POUR ENTRETIEN D\"EMBAUCHE"
    },
    {
        "fullName": "Dohou Imarque",
        "message_personnel_date": "2023-04-05",
        "message_personnel_id": 292,
        "message_personnel_message": "<div>Bonjour cher candidat!</div><div>Nous avons bien réçu <b>vos informations</b> concernant...</div><div><br></div>",
        "message_personnel_sujet": "PROPOSITION DE RENDEZ-VOUS POUR ENTRETIEN D\"EMBAUCHE"
    },
    {
        "fullName": "DOUMBIA SEKOU",
        "message_personnel_date": "2023-04-05",
        "message_personnel_id": 293,
        "message_personnel_message": "<div>Bonjour cher candidat!</div><div>Nous avons bien réçu <b>vos informations</b> concernant...</div><div><br></div>",
        "message_personnel_sujet": "PROPOSITION DE RENDEZ-VOUS POUR ENTRETIEN D\"EMBAUCHE"
    },
    {
        "fullName": "SEKOU DOUMBIA JUNIOR ",
        "message_personnel_date": "2023-04-05",
        "message_personnel_id": 294,
        "message_personnel_message": "<div>Bonjour cher candidat!</div><div>Nous avons bien réçu <b>vos informations</b> concernant...</div><div><br></div>",
        "message_personnel_sujet": "PROPOSITION DE RENDEZ-VOUS POUR ENTRETIEN D\"EMBAUCHE"
    },
    {
        "fullName": "Eponou Attah François",
        "message_personnel_date": "2023-04-05",
        "message_personnel_id": 295,
        "message_personnel_message": "<div>Bonjour cher candidat!</div><div>Nous avons bien réçu <b>vos informations</b> concernant...</div><div><br></div>",
        "message_personnel_sujet": "PROPOSITION DE RENDEZ-VOUS POUR ENTRETIEN D\"EMBAUCHE"
    },
    {
        "fullName": "FOFANA MOUSSA",
        "message_personnel_date": "2023-04-05",
        "message_personnel_id": 296,
        "message_personnel_message": "<div>Bonjour cher candidat!</div><div>Nous avons bien réçu <b>vos informations</b> concernant...</div><div><br></div>",
        "message_personnel_sujet": "PROPOSITION DE RENDEZ-VOUS POUR ENTRETIEN D\"EMBAUCHE"
    },
    {
        "fullName": "Fomba Koumba",
        "message_personnel_date": "2023-04-05",
        "message_personnel_id": 297,
        "message_personnel_message": "<div>Bonjour cher candidat!</div><div>Nous avons bien réçu <b>vos informations</b> concernant...</div><div><br></div>",
        "message_personnel_sujet": "PROPOSITION DE RENDEZ-VOUS POUR ENTRETIEN D\"EMBAUCHE"
    },
    {
        "fullName": "Guindo  Karidia ",
        "message_personnel_date": "2023-04-05",
        "message_personnel_id": 298,
        "message_personnel_message": "<div>Bonjour cher candidat!</div><div>Nous avons bien réçu <b>vos informations</b> concernant...</div><div><br></div>",
        "message_personnel_sujet": "PROPOSITION DE RENDEZ-VOUS POUR ENTRETIEN D\"EMBAUCHE"
    },
    {
        "fullName": "KONATE alhassane",
        "message_personnel_date": "2023-04-05",
        "message_personnel_id": 299,
        "message_personnel_message": "<div>Bonjour cher candidat!</div><div>Nous avons bien réçu <b>vos informations</b> concernant...</div><div><br></div>",
        "message_personnel_sujet": "PROPOSITION DE RENDEZ-VOUS POUR ENTRETIEN D\"EMBAUCHE"
    },
    {
        "fullName": "Konaté  Mohamed Bahaby ",
        "message_personnel_date": "2023-04-05",
        "message_personnel_id": 300,
        "message_personnel_message": "<div>Bonjour cher candidat!</div><div>Nous avons bien réçu <b>vos informations</b> concernant...</div><div><br></div>",
        "message_personnel_sujet": "PROPOSITION DE RENDEZ-VOUS POUR ENTRETIEN D\"EMBAUCHE"
    },
    {
        "fullName": "Kone Moctar",
        "message_personnel_date": "2023-04-05",
        "message_personnel_id": 301,
        "message_personnel_message": "<div>Bonjour cher candidat!</div><div>Nous avons bien réçu <b>vos informations</b> concernant...</div><div><br></div>",
        "message_personnel_sujet": "PROPOSITION DE RENDEZ-VOUS POUR ENTRETIEN D\"EMBAUCHE"
    },
    {
        "fullName": "KONE Abou",
        "message_personnel_date": "2023-04-05",
        "message_personnel_id": 302,
        "message_personnel_message": "<div>Bonjour cher candidat!</div><div>Nous avons bien réçu <b>vos informations</b> concernant...</div><div><br></div>",
        "message_personnel_sujet": "PROPOSITION DE RENDEZ-VOUS POUR ENTRETIEN D\"EMBAUCHE"
    },
    {
        "fullName": "LAGO DEIMPESSEU HERVE BONAVENTURE",
        "message_personnel_date": "2023-04-05",
        "message_personnel_id": 303,
        "message_personnel_message": "<div>Bonjour cher candidat!</div><div>Nous avons bien réçu <b>vos informations</b> concernant...</div><div><br></div>",
        "message_personnel_sujet": "PROPOSITION DE RENDEZ-VOUS POUR ENTRETIEN D\"EMBAUCHE"
    },
    {
        "fullName": "N'guessan N'guessan Wenceslas tauko",
        "message_personnel_date": "2023-04-05",
        "message_personnel_id": 304,
        "message_personnel_message": "<div>Bonjour cher candidat!</div><div>Nous avons bien réçu <b>vos informations</b> concernant...</div><div><br></div>",
        "message_personnel_sujet": "PROPOSITION DE RENDEZ-VOUS POUR ENTRETIEN D\"EMBAUCHE"
    },
    {
        "fullName": "SAMANDOULGOU  Abdoul Phataou ",
        "message_personnel_date": "2023-04-05",
        "message_personnel_id": 305,
        "message_personnel_message": "<div>Bonjour cher candidat!</div><div>Nous avons bien réçu <b>vos informations</b> concernant...</div><div><br></div>",
        "message_personnel_sujet": "PROPOSITION DE RENDEZ-VOUS POUR ENTRETIEN D\"EMBAUCHE"
    },
    {
        "fullName": "SOUMAHORO Lassina",
        "message_personnel_date": "2023-04-05",
        "message_personnel_id": 306,
        "message_personnel_message": "<div>Bonjour cher candidat!</div><div>Nous avons bien réçu <b>vos informations</b> concernant...</div><div><br></div>",
        "message_personnel_sujet": "PROPOSITION DE RENDEZ-VOUS POUR ENTRETIEN D\"EMBAUCHE"
    },
    {
        "fullName": "Abdoulaye  Soumahoro ",
        "message_personnel_date": "2023-04-05",
        "message_personnel_id": 307,
        "message_personnel_message": "<div>Bonjour cher candidat!</div><div>Nous avons bien réçu <b>vos informations</b> concernant...</div><div><br></div>",
        "message_personnel_sujet": "PROPOSITION DE RENDEZ-VOUS POUR ENTRETIEN D\"EMBAUCHE"
    },
    {
        "fullName": "SYLLA OUSMANE",
        "message_personnel_date": "2023-04-05",
        "message_personnel_id": 308,
        "message_personnel_message": "<div>Bonjour cher candidat!</div><div>Nous avons bien réçu <b>vos informations</b> concernant...</div><div><br></div>",
        "message_personnel_sujet": "PROPOSITION DE RENDEZ-VOUS POUR ENTRETIEN D\"EMBAUCHE"
    },
    {
        "fullName": "Zabre  Ibrahim ",
        "message_personnel_date": "2023-04-05",
        "message_personnel_id": 309,
        "message_personnel_message": "<div>Bonjour cher candidat!</div><div>Nous avons bien réçu <b>vos informations</b> concernant...</div><div><br></div>",
        "message_personnel_sujet": "PROPOSITION DE RENDEZ-VOUS POUR ENTRETIEN D\"EMBAUCHE"
    },
    {
        "fullName": "Doumbia  Amara ",
        "message_personnel_date": "2023-04-05",
        "message_personnel_id": 319,
        "message_personnel_message": "<div>Bonjour cher candidat!</div><div>Nous avons bien réçu <b>vos informations</b> concernant...</div><div><br></div>",
        "message_personnel_sujet": "PROPOSITION DE RENDEZ-VOUS POUR ENTRETIEN D\"EMBAUCHE"
    },
    {
        "fullName": "fogbe Amadou",
        "message_personnel_date": "2023-04-05",
        "message_personnel_id": 320,
        "message_personnel_message": "<div>Bonjour cher candidat!</div><div>Nous avons bien réçu <b>vos informations</b> concernant...</div><div><br></div>",
        "message_personnel_sujet": "PROPOSITION DE RENDEZ-VOUS POUR ENTRETIEN D\"EMBAUCHE"
    },
    {
        "fullName": "KARAMOKO  MOHAMED ",
        "message_personnel_date": "2023-04-05",
        "message_personnel_id": 321,
        "message_personnel_message": "<div>Bonjour cher candidat!</div><div>Nous avons bien réçu <b>vos informations</b> concernant...</div><div><br></div>",
        "message_personnel_sujet": "PROPOSITION DE RENDEZ-VOUS POUR ENTRETIEN D\"EMBAUCHE"
    },
    {
        "fullName": "Ouattara  Aboubakary",
        "message_personnel_date": "2023-04-05",
        "message_personnel_id": 322,
        "message_personnel_message": "<div>Bonjour cher candidat!</div><div>Nous avons bien réçu <b>vos informations</b> concernant...</div><div><br></div>",
        "message_personnel_sujet": "PROPOSITION DE RENDEZ-VOUS POUR ENTRETIEN D\"EMBAUCHE"
    },
    {
        "fullName": "OUATTARA LADJI DABILA JUNIOR",
        "message_personnel_date": "2023-04-05",
        "message_personnel_id": 323,
        "message_personnel_message": "<div>Bonjour cher candidat!</div><div>Nous avons bien réçu <b>vos informations</b> concernant...</div><div><br></div>",
        "message_personnel_sujet": "PROPOSITION DE RENDEZ-VOUS POUR ENTRETIEN D\"EMBAUCHE"
    },
    {
        "fullName": "OUEDRAOGO Moussa",
        "message_personnel_date": "2023-04-05",
        "message_personnel_id": 324,
        "message_personnel_message": "<div>Bonjour cher candidat!</div><div>Nous avons bien réçu <b>vos informations</b> concernant...</div><div><br></div>",
        "message_personnel_sujet": "PROPOSITION DE RENDEZ-VOUS POUR ENTRETIEN D\"EMBAUCHE"
    },
    {
        "fullName": "SEBIME GNAGNE AGNEROH LATH CASIMIR",
        "message_personnel_date": "2023-04-05",
        "message_personnel_id": 325,
        "message_personnel_message": "<div>Bonjour cher candidat!</div><div>Nous avons bien réçu <b>vos informations</b> concernant...</div><div><br></div>",
        "message_personnel_sujet": "PROPOSITION DE RENDEZ-VOUS POUR ENTRETIEN D\"EMBAUCHE"
    },
    {
        "fullName": "Traoré  Karim ",
        "message_personnel_date": "2023-04-05",
        "message_personnel_id": 326,
        "message_personnel_message": "<div>Bonjour cher candidat!</div><div>Nous avons bien réçu <b>vos informations</b> concernant...</div><div><br></div>",
        "message_personnel_sujet": "PROPOSITION DE RENDEZ-VOUS POUR ENTRETIEN D\"EMBAUCHE"
    },
    {
        "fullName": "Diarra  Mamadou ",
        "message_personnel_date": "2023-04-05",
        "message_personnel_id": 327,
        "message_personnel_message": "<div>Bonjour cher candidat!</div><div>Nous avons bien réçu <b>vos informations</b> concernant...</div><div><br></div>",
        "message_personnel_sujet": "PROPOSITION DE RENDEZ-VOUS POUR ENTRETIEN D\"EMBAUCHE"
    },
    {
        "fullName": "DOUMBIA AMARA",
        "message_personnel_date": "2023-04-05",
        "message_personnel_id": 348,
        "message_personnel_message": "<div>Bonjour cher candidat!</div><div>Nous avons bien réçu <b>vos informations</b> concernant...</div><div><br></div>",
        "message_personnel_sujet": "PROPOSITION DE RENDEZ-VOUS POUR ENTRETIEN D\"EMBAUCHE"
    },
    {
        "fullName": "DIOMANDE AMARA",
        "message_personnel_date": "2023-04-05",
        "message_personnel_id": 349,
        "message_personnel_message": "<div>Bonjour cher candidat!</div><div>Nous avons bien réçu <b>vos informations</b> concernant...</div><div><br></div>",
        "message_personnel_sujet": "PROPOSITION DE RENDEZ-VOUS POUR ENTRETIEN D\"EMBAUCHE"
    },
    {
        "fullName": "BAKAYOKO EPSE COULIBALY NAH-MAKAGBE",
        "message_personnel_date": "2023-04-05",
        "message_personnel_id": 350,
        "message_personnel_message": "<div>Bonjour cher candidat!</div><div>Nous avons bien réçu <b>vos informations</b> concernant...</div><div><br></div>",
        "message_personnel_sujet": "PROPOSITION DE RENDEZ-VOUS POUR ENTRETIEN D\"EMBAUCHE"
    },
    {
        "fullName": "Moussa Sylla",
        "message_personnel_date": "2023-04-05",
        "message_personnel_id": 351,
        "message_personnel_message": "<div>Bonjour cher candidat!</div><div>Nous avons bien réçu <b>vos informations</b> concernant...</div><div><br></div>",
        "message_personnel_sujet": "PROPOSITION DE RENDEZ-VOUS POUR ENTRETIEN D\"EMBAUCHE"
    },
    {
        "fullName": "OUATTARA IDRISSA",
        "message_personnel_date": "2023-04-05",
        "message_personnel_id": 352,
        "message_personnel_message": "<div>Bonjour cher candidat!</div><div>Nous avons bien réçu <b>vos informations</b> concernant...</div><div><br></div>",
        "message_personnel_sujet": "PROPOSITION DE RENDEZ-VOUS POUR ENTRETIEN D\"EMBAUCHE"
    },
    {
        "fullName": "DOUMBIA BANGALY",
        "message_personnel_date": "2023-04-05",
        "message_personnel_id": 353,
        "message_personnel_message": "<div>Bonjour cher candidat!</div><div>Nous avons bien réçu <b>vos informations</b> concernant...</div><div><br></div>",
        "message_personnel_sujet": "PROPOSITION DE RENDEZ-VOUS POUR ENTRETIEN D\"EMBAUCHE"
    },
    {
        "fullName": "KOUAME AMA",
        "message_personnel_date": "2023-04-05",
        "message_personnel_id": 354,
        "message_personnel_message": "<div>Bonjour cher candidat!</div><div>Nous avons bien réçu <b>vos informations</b> concernant...</div><div><br></div>",
        "message_personnel_sujet": "PROPOSITION DE RENDEZ-VOUS POUR ENTRETIEN D\"EMBAUCHE"
    },
    {
        "fullName": "DOSSO ABASS",
        "message_personnel_date": "2023-04-05",
        "message_personnel_id": 355,
        "message_personnel_message": "<div>Bonjour cher candidat!</div><div>Nous avons bien réçu <b>vos informations</b> concernant...</div><div><br></div>",
        "message_personnel_sujet": "PROPOSITION DE RENDEZ-VOUS POUR ENTRETIEN D\"EMBAUCHE"
    },
    {
        "fullName": "TRAORE KHADIDJA",
        "message_personnel_date": "2023-04-05",
        "message_personnel_id": 356,
        "message_personnel_message": "<div>Bonjour cher candidat!</div><div>Nous avons bien réçu <b>vos informations</b> concernant...</div><div><br></div>",
        "message_personnel_sujet": "PROPOSITION DE RENDEZ-VOUS POUR ENTRETIEN D\"EMBAUCHE"
    },
    {
        "fullName": "COULIBALY ZIE",
        "message_personnel_date": "2023-04-05",
        "message_personnel_id": 357,
        "message_personnel_message": "<div>Bonjour cher candidat!</div><div>Nous avons bien réçu <b>vos informations</b> concernant...</div><div><br></div>",
        "message_personnel_sujet": "PROPOSITION DE RENDEZ-VOUS POUR ENTRETIEN D\"EMBAUCHE"
    },
    {
        "fullName": "KRE BOKA",
        "message_personnel_date": "2023-04-05",
        "message_personnel_id": 358,
        "message_personnel_message": "<div>Bonjour cher candidat!</div><div>Nous avons bien réçu <b>vos informations</b> concernant...</div><div><br></div>",
        "message_personnel_sujet": "PROPOSITION DE RENDEZ-VOUS POUR ENTRETIEN D\"EMBAUCHE"
    },
    {
        "fullName": "SYLLA MOUSSA",
        "message_personnel_date": "2023-04-05",
        "message_personnel_id": 360,
        "message_personnel_message": "<div>Bonjour cher candidat!</div><div>Nous avons bien réçu <b>vos informations</b> concernant...</div><div><br></div>",
        "message_personnel_sujet": "PROPOSITION DE RENDEZ-VOUS POUR ENTRETIEN D\"EMBAUCHE"
    },
    {
        "fullName": "N'GODJIGUI DIABY",
        "message_personnel_date": "2023-04-12",
        "message_personnel_id": 362,
        "message_personnel_message": "<div>Bonjour cher candidat!</div><div>Nous avons bien réçu <b>vos informations</b> concernant...</div><div><br></div>",
        "message_personnel_sujet": "PROPOSITION DE RENDEZ-VOUS POUR ENTRETIEN D\"EMBAUCHE"
    },
    {
        "fullName": "Karamoko  Youssouf ",
        "message_personnel_date": "2023-04-14",
        "message_personnel_id": 363,
        "message_personnel_message": "<div>Bonjour cher candidat!</div><div>Nous avons bien réçu <b>vos informations</b> concernant...</div><div><br></div>",
        "message_personnel_sujet": "PROPOSITION DE RENDEZ-VOUS POUR ENTRETIEN D\"EMBAUCHE"
    },
    {
        "fullName": "KARAMOKO YOUSSOUF",
        "message_personnel_date": "2023-04-14",
        "message_personnel_id": 365,
        "message_personnel_message": "<div>Bonjour cher candidat!</div><div>Nous avons bien réçu <b>vos informations</b> concernant...</div><div><br></div>",
        "message_personnel_sujet": "PROPOSITION DE RENDEZ-VOUS POUR ENTRETIEN D\"EMBAUCHE"
    },
    {
        "fullName": "DJAKARIDJA DIARRA",
        "message_personnel_date": "2023-09-25",
        "message_personnel_id": 544,
        "message_personnel_message": "<div>Bonjour cher candidat!</div><div>Nous avons bien réçu <b>vos informations</b> concernant...</div><div><br></div>",
        "message_personnel_sujet": "PROPOSITION DE RENDEZ-VOUS POUR ENTRETIEN D\"EMBAUCHE"
    },
    {
        "fullName": "KONATE BAMADOU",
        "message_personnel_date": "2023-09-25",
        "message_personnel_id": 546,
        "message_personnel_message": "<div>Bonjour cher candidat!</div><div>Nous avons bien réçu <b>vos informations</b> concernant...</div><div><br></div>",
        "message_personnel_sujet": "PROPOSITION DE RENDEZ-VOUS POUR ENTRETIEN D\"EMBAUCHE"
    },
    {
        "fullName": "BALLO SOULEYMANE",
        "message_personnel_date": "2023-09-25",
        "message_personnel_id": 548,
        "message_personnel_message": "<div>Bonjour cher candidat!</div><div>Nous avons bien réçu <b>vos informations</b> concernant...</div><div><br></div>",
        "message_personnel_sujet": "PROPOSITION DE RENDEZ-VOUS POUR ENTRETIEN D\"EMBAUCHE"
    },
    {
        "fullName": "ANOH JEAN SELMA",
        "message_personnel_date": "2023-09-25",
        "message_personnel_id": 550,
        "message_personnel_message": "<div>Bonjour cher candidat!</div><div>Nous avons bien réçu <b>vos informations</b> concernant...</div><div><br></div>",
        "message_personnel_sujet": "PROPOSITION DE RENDEZ-VOUS POUR ENTRETIEN D\"EMBAUCHE"
    },
    {
        "fullName": "BINATE BAKARY",
        "message_personnel_date": "2023-09-25",
        "message_personnel_id": 552,
        "message_personnel_message": "<div>Bonjour cher candidat!</div><div>Nous avons bien réçu <b>vos informations</b> concernant...</div><div><br></div>",
        "message_personnel_sujet": "PROPOSITION DE RENDEZ-VOUS POUR ENTRETIEN D\"EMBAUCHE"
    },
    {
        "fullName": "TUO TENEZIE MADOU ",
        "message_personnel_date": "2023-09-25",
        "message_personnel_id": 554,
        "message_personnel_message": "<div>Bonjour cher candidat!</div><div>Nous avons bien réçu <b>vos informations</b> concernant...</div><div><br></div>",
        "message_personnel_sujet": "PROPOSITION DE RENDEZ-VOUS POUR ENTRETIEN D\"EMBAUCHE"
    },
    {
        "fullName": "OUATTARA TANIKY SY MOHAMED",
        "message_personnel_date": "2023-09-25",
        "message_personnel_id": 556,
        "message_personnel_message": "<div>Bonjour cher candidat!</div><div>Nous avons bien réçu <b>vos informations</b> concernant...</div><div><br></div>",
        "message_personnel_sujet": "PROPOSITION DE RENDEZ-VOUS POUR ENTRETIEN D\"EMBAUCHE"
    },
    {
        "fullName": "GBADAMOSI KHALIL",
        "message_personnel_date": "2023-09-25",
        "message_personnel_id": 558,
        "message_personnel_message": "<div>Bonjour cher candidat!</div><div>Nous avons bien réçu <b>vos informations</b> concernant...</div><div><br></div>",
        "message_personnel_sujet": "PROPOSITION DE RENDEZ-VOUS POUR ENTRETIEN D\"EMBAUCHE"
    },
    {
        "fullName": "KOUAKOU LAOULE SERGE",
        "message_personnel_date": "2023-09-25",
        "message_personnel_id": 560,
        "message_personnel_message": "<div>Bonjour cher candidat!</div><div>Nous avons bien réçu <b>vos informations</b> concernant...</div><div><br></div>",
        "message_personnel_sujet": "PROPOSITION DE RENDEZ-VOUS POUR ENTRETIEN D\"EMBAUCHE"
    },
    {
        "fullName": "TOURE FATOUMANTA",
        "message_personnel_date": "2023-09-25",
        "message_personnel_id": 562,
        "message_personnel_message": "<div>Bonjour cher candidat!</div><div>Nous avons bien réçu <b>vos informations</b> concernant...</div><div><br></div>",
        "message_personnel_sujet": "PROPOSITION DE RENDEZ-VOUS POUR ENTRETIEN D\"EMBAUCHE"
    },
    {
        "fullName": "SANOGO ZOUMANA SAINT-CHARLES",
        "message_personnel_date": "2023-09-25",
        "message_personnel_id": 564,
        "message_personnel_message": "<div>Bonjour cher candidat!</div><div>Nous avons bien réçu <b>vos informations</b> concernant...</div><div><br></div>",
        "message_personnel_sujet": "PROPOSITION DE RENDEZ-VOUS POUR ENTRETIEN D\"EMBAUCHE"
    },
    {
        "fullName": "Camara  Aboudramane",
        "message_personnel_date": "2023-09-26",
        "message_personnel_id": 566,
        "message_personnel_message": "<div>Bonjour cher candidat!</div><div>Nous avons bien réçu <b>vos informations</b> concernant...</div><div><br></div>",
        "message_personnel_sujet": "PROPOSITION DE RENDEZ-VOUS POUR ENTRETIEN D\"EMBAUCHE"
    },
    {
        "fullName": "traore  kawolo brahima ",
        "message_personnel_date": "2023-10-03",
        "message_personnel_id": 576,
        "message_personnel_message": "<div>Bonjour cher candidat!</div><div>Nous avons bien réçu <b>vos informations</b> concernant...</div><div><br></div>",
        "message_personnel_sujet": "PROPOSITION DE RENDEZ-VOUS POUR ENTRETIEN D\"EMBAUCHE"
    },
    {
        "fullName": "Doumbouya  Mamadi ",
        "message_personnel_date": "2023-10-03",
        "message_personnel_id": 577,
        "message_personnel_message": "<div>Bonjour cher candidat!</div><div>Nous avons bien réçu <b>vos informations</b> concernant...</div><div><br></div>",
        "message_personnel_sujet": "PROPOSITION DE RENDEZ-VOUS POUR ENTRETIEN D\"EMBAUCHE"
    },
    {
        "fullName": "Koné  Mohamed ",
        "message_personnel_date": "2023-10-03",
        "message_personnel_id": 578,
        "message_personnel_message": "<div>Bonjour cher candidat!</div><div>Nous avons bien réçu <b>vos informations</b> concernant...</div><div><br></div>",
        "message_personnel_sujet": "PROPOSITION DE RENDEZ-VOUS POUR ENTRETIEN D\"EMBAUCHE"
    },
    {
        "fullName": "Kone Fousseni",
        "message_personnel_date": "2023-10-03",
        "message_personnel_id": 579,
        "message_personnel_message": "<div>Bonjour cher candidat!</div><div>Nous avons bien réçu <b>vos informations</b> concernant...</div><div><br></div>",
        "message_personnel_sujet": "PROPOSITION DE RENDEZ-VOUS POUR ENTRETIEN D\"EMBAUCHE"
    },
    {
        "fullName": "RUBY KARAKOUA",
        "message_personnel_date": "2023-10-09",
        "message_personnel_id": 596,
        "message_personnel_message": "<p>Bonjour cher candidat!</p><p>Nous avons bien réçu <strong>vos informations</strong> concernant...</p>",
        "message_personnel_sujet": "PROPOSITION DE RENDEZ-VOUS POUR ENTRETIEN D\"EMBAUCHE"
    },
    {
        "fullName": "EDI Gnammon Alexandre",
        "message_personnel_date": "2023-10-13",
        "message_personnel_id": 608,
        "message_personnel_message": "<div>Bonjour cher candidat!</div><div>Nous avons bien réçu <b>vos informations</b> concernant...</div><div><br></div>",
        "message_personnel_sujet": "PROPOSITION DE RENDEZ-VOUS POUR ENTRETIEN D\"EMBAUCHE"
    },
    {
        "fullName": "Coulibaly  Issa ben baz ",
        "message_personnel_date": "2023-10-17",
        "message_personnel_id": 619,
        "message_personnel_message": "<div>Bonjour cher candidat!</div><div>Nous avons bien réçu <b>vos informations</b> concernant...</div><div><br></div>",
        "message_personnel_sujet": "PROPOSITION DE RENDEZ-VOUS POUR ENTRETIEN D\"EMBAUCHE"
    },
    {
        "fullName": "Lobognon Woroh Claudette Rolande epse Konan",
        "message_personnel_date": "2023-10-23",
        "message_personnel_id": 635,
        "message_personnel_message": "<div>Bonjour cher candidat!</div><div>Nous avons bien réçu <b>vos informations</b> concernant...</div><div><br></div>",
        "message_personnel_sujet": "PROPOSITION DE RENDEZ-VOUS POUR ENTRETIEN D\"EMBAUCHE"
    },
    {
        "fullName": "Maïga  Ramatou ",
        "message_personnel_date": "2023-10-24",
        "message_personnel_id": 674,
        "message_personnel_message": "<div>Bonjour cher candidat!</div><div>Nous avons bien réçu <b>vos informations</b> concernant...</div><div><br></div>",
        "message_personnel_sujet": "PROPOSITION DE RENDEZ-VOUS POUR ENTRETIEN D\"EMBAUCHE"
    },
    {
        "fullName": "BERTHE Fatogoma Al-Moqito",
        "message_personnel_date": "2023-11-01",
        "message_personnel_id": 775,
        "message_personnel_message": "<div>Bonjour cher candidat!</div><div>Nous avons bien réçu <b>vos informations</b> concernant...</div><div><br></div>",
        "message_personnel_sujet": "PROPOSITION DE RENDEZ-VOUS POUR ENTRETIEN D\"EMBAUCHE"
    },
    {
        "fullName": "Bamba Soumaila",
        "message_personnel_date": "2023-11-04",
        "message_personnel_id": 842,
        "message_personnel_message": "<div>Bonjour cher candidat!</div><div>Nous avons bien réçu <b>vos informations</b> concernant...</div><div><br></div>",
        "message_personnel_sujet": "PROPOSITION DE RENDEZ-VOUS POUR ENTRETIEN D\"EMBAUCHE"
    },
    {
        "fullName": "KONE IBRAHIMA",
        "message_personnel_date": "2023-11-04",
        "message_personnel_id": 844,
        "message_personnel_message": "<div>Bonjour cher candidat!</div><div>Nous avons bien réçu <b>vos informations</b> concernant...</div><div><br></div>",
        "message_personnel_sujet": "PROPOSITION DE RENDEZ-VOUS POUR ENTRETIEN D\"EMBAUCHE"
    },
    {
        "fullName": "DIAKO DIALLI",
        "message_personnel_date": "2023-11-06",
        "message_personnel_id": 857,
        "message_personnel_message": "<div>Bonjour cher candidat!</div><div>Nous avons bien réçu <b>vos informations</b> concernant...</div><div><br></div>",
        "message_personnel_sujet": "PROPOSITION DE RENDEZ-VOUS POUR ENTRETIEN D\"EMBAUCHE"
    },
    {
        "fullName": "Ouattara Soilio",
        "message_personnel_date": "2023-11-08",
        "message_personnel_id": 886,
        "message_personnel_message": "<div>Bonjour cher candidat!</div><div>Nous avons bien réçu <b>vos informations</b> concernant...</div><div><br></div>",
        "message_personnel_sujet": "PROPOSITION DE RENDEZ-VOUS POUR ENTRETIEN D\"EMBAUCHE"
    },
    {
        "fullName": "Massé  Koné ",
        "message_personnel_date": "2023-11-09",
        "message_personnel_id": 906,
        "message_personnel_message": "<div>Bonjour cher candidat!</div><div>Nous avons bien réçu <b>vos informations</b> concernant...</div><div><br></div>",
        "message_personnel_sujet": "PROPOSITION DE RENDEZ-VOUS POUR ENTRETIEN D\"EMBAUCHE"
    },
    {
        "fullName": "SY Savané Fanta",
        "message_personnel_date": "2023-11-09",
        "message_personnel_id": 907,
        "message_personnel_message": "<div>Bonjour cher candidat!</div><div>Nous avons bien réçu <b>vos informations</b> concernant...</div><div><br></div>",
        "message_personnel_sujet": "PROPOSITION DE RENDEZ-VOUS POUR ENTRETIEN D\"EMBAUCHE"
    },
    {
        "fullName": "DIOMANDE MAKONI MASSANDJE",
        "message_personnel_date": "2023-11-09",
        "message_personnel_id": 913,
        "message_personnel_message": "<div>Bonjour cher candidat!</div><div>Nous avons bien réçu <b>vos informations</b> concernant...</div><div><br></div>",
        "message_personnel_sujet": "PROPOSITION DE RENDEZ-VOUS POUR ENTRETIEN D\"EMBAUCHE"
    },
    {
        "fullName": "Diomande Moussa",
        "message_personnel_date": "2023-11-13",
        "message_personnel_id": 959,
        "message_personnel_message": "<div>Bonjour cher candidat!</div><div>Nous avons bien réçu <b>vos informations</b> concernant...</div><div><br></div>",
        "message_personnel_sujet": "PROPOSITION DE RENDEZ-VOUS POUR ENTRETIEN D\"EMBAUCHE"
    },
    {
        "fullName": "Fofana Mariam",
        "message_personnel_date": "2023-11-16",
        "message_personnel_id": 1000,
        "message_personnel_message": "<div>Bonjour cher candidat!</div><div>Nous avons bien réçu <b>vos informations</b> concernant...</div><div><br></div>",
        "message_personnel_sujet": "PROPOSITION DE RENDEZ-VOUS POUR ENTRETIEN D\"EMBAUCHE"
    },
    {
        "fullName": "Kougbavo  Kpontégbé Julien ",
        "message_personnel_date": "2023-11-16",
        "message_personnel_id": 1008,
        "message_personnel_message": "<div>Bonjour cher candidat!</div><div>Nous avons bien réçu <b>vos informations</b> concernant...</div><div><br></div>",
        "message_personnel_sujet": "PROPOSITION DE RENDEZ-VOUS POUR ENTRETIEN D\"EMBAUCHE"
    },
    {
        "fullName": "Pare Seydou ",
        "message_personnel_date": "2023-11-18",
        "message_personnel_id": 1088,
        "message_personnel_message": "<div>Bonjour cher candidat!</div><div>Nous avons bien réçu <b>vos informations</b> concernant...</div><div><br></div>",
        "message_personnel_sujet": "PROPOSITION DE RENDEZ-VOUS POUR ENTRETIEN D\"EMBAUCHE"
    },
    {
        "fullName": "Ouattara  Makoura ",
        "message_personnel_date": "2023-11-28",
        "message_personnel_id": 1357,
        "message_personnel_message": "<div>Bonjour cher candidat!</div><div>Nous avons bien réçu <b>vos informations</b> concernant...</div><div><br></div>",
        "message_personnel_sujet": "PROPOSITION DE RENDEZ-VOUS POUR ENTRETIEN D\"EMBAUCHE"
    },
    {
        "fullName": "Kouyaté Djecoria",
        "message_personnel_date": "2023-11-28",
        "message_personnel_id": 1358,
        "message_personnel_message": "<div>Bonjour cher candidat!</div><div>Nous avons bien réçu <b>vos informations</b> concernant...</div><div><br></div>",
        "message_personnel_sujet": "PROPOSITION DE RENDEZ-VOUS POUR ENTRETIEN D\"EMBAUCHE"
    },
    {
        "fullName": "SYLLA Sangbe",
        "message_personnel_date": "2023-11-28",
        "message_personnel_id": 1359,
        "message_personnel_message": "<div>Bonjour cher candidat!</div><div>Nous avons bien réçu <b>vos informations</b> concernant...</div><div><br></div>",
        "message_personnel_sujet": "PROPOSITION DE RENDEZ-VOUS POUR ENTRETIEN D\"EMBAUCHE"
    },
    {
        "fullName": "MARKOUMA YACOUBA TRAORE",
        "message_personnel_date": "2023-12-06",
        "message_personnel_id": 1783,
        "message_personnel_message": "<div>Bonjour cher candidat!</div><div>Nous avons bien réçu <b>vos informations</b> concernant...</div><div><br></div>",
        "message_personnel_sujet": "PROPOSITION DE RENDEZ-VOUS POUR ENTRETIEN D\"EMBAUCHE"
    },
    {
        "fullName": "Fofana Ibrahim ",
        "message_personnel_date": "2023-12-20",
        "message_personnel_id": 2045,
        "message_personnel_message": "<div>Bonjour cher candidat!</div><div>Nous avons bien réçu <b>vos informations</b> concernant...</div><div><br></div>",
        "message_personnel_sujet": "PROPOSITION DE RENDEZ-VOUS POUR ENTRETIEN D\"EMBAUCHE"
    },
    {
        "fullName": "Belem Fousseny ",
        "message_personnel_date": "2024-01-31",
        "message_personnel_id": 2354,
        "message_personnel_message": "<div>Bonjour cher candidat!</div><div>Nous avons bien réçu <b>vos informations</b> concernant...</div><div><br></div>",
        "message_personnel_sujet": "PROPOSITION DE RENDEZ-VOUS POUR ENTRETIEN D\"EMBAUCHE"
    },
    {
        "fullName": "Sacko  Amadou ",
        "message_personnel_date": "2024-02-19",
        "message_personnel_id": 2411,
        "message_personnel_message": "<div>Bonjour cher candidat!</div><div>Nous avons bien réçu <b>vos informations</b> concernant...</div><div><br></div>",
        "message_personnel_sujet": "PROPOSITION DE RENDEZ-VOUS POUR ENTRETIEN D\"EMBAUCHE"
    },
    {
        "fullName": "Kouablan  Eby",
        "message_personnel_date": "2024-05-02",
        "message_personnel_id": 2774,
        "message_personnel_message": "<div>Bonjour cher candidat!</div><div>Nous avons bien réçu <b>vos informations</b> concernant...</div><div><br></div>",
        "message_personnel_sujet": "PROPOSITION DE RENDEZ-VOUS POUR ENTRETIEN D\"EMBAUCHE"
    },
    {
        "fullName": "Diarrassouba  Maimouna ",
        "message_personnel_date": "2024-10-15",
        "message_personnel_id": 3234,
        "message_personnel_message": "<div>Bonjour cher candidat!</div><div>Nous avons bien réçu <b>vos informations</b> concernant...</div><div><br></div>",
        "message_personnel_sujet": "PROPOSITION DE RENDEZ-VOUS POUR ENTRETIEN D\"EMBAUCHE"
    },
    {
        "fullName": "Toure Alhassane",
        "message_personnel_date": "2024-10-15",
        "message_personnel_id": 3235,
        "message_personnel_message": "<div>Bonjour cher candidat!</div><div>Nous avons bien réçu <b>vos informations</b> concernant...</div><div><br></div>",
        "message_personnel_sujet": "PROPOSITION DE RENDEZ-VOUS POUR ENTRETIEN D\"EMBAUCHE"
    },
    {
        "fullName": "Bambara  Abdourahaman ",
        "message_personnel_date": "2024-10-15",
        "message_personnel_id": 3236,
        "message_personnel_message": "<div>Bonjour cher candidat!</div><div>Nous avons bien réçu <b>vos informations</b> concernant...</div><div><br></div>",
        "message_personnel_sujet": "PROPOSITION DE RENDEZ-VOUS POUR ENTRETIEN D\"EMBAUCHE"
    },
    {
        "fullName": "Ouedraogo  Nouffou ",
        "message_personnel_date": "2024-10-15",
        "message_personnel_id": 3237,
        "message_personnel_message": "<div>Bonjour cher candidat!</div><div>Nous avons bien réçu <b>vos informations</b> concernant...</div><div><br></div>",
        "message_personnel_sujet": "PROPOSITION DE RENDEZ-VOUS POUR ENTRETIEN D\"EMBAUCHE"
    },
    {
        "fullName": "Kouadio  N'goran Henri ",
        "message_personnel_date": "2024-10-15",
        "message_personnel_id": 3243,
        "message_personnel_message": "<div>Bonjour cher candidat!</div><div>Nous avons bien réçu <b>vos informations</b> concernant...</div><div><br></div>",
        "message_personnel_sujet": "PROPOSITION DE RENDEZ-VOUS POUR ENTRETIEN D\"EMBAUCHE"
    },
    {
        "fullName": "Sidibé  Mahmoud ",
        "message_personnel_date": "2024-10-15",
        "message_personnel_id": 3244,
        "message_personnel_message": "<div>Bonjour cher candidat!</div><div>Nous avons bien réçu <b>vos informations</b> concernant...</div><div><br></div>",
        "message_personnel_sujet": "PROPOSITION DE RENDEZ-VOUS POUR ENTRETIEN D\"EMBAUCHE"
    },
    {
        "fullName": "KONE FODE",
        "message_personnel_date": "2024-10-15",
        "message_personnel_id": 3249,
        "message_personnel_message": "<div>Bonjour cher candidat!</div><div>Nous avons bien réçu <b>vos informations</b> concernant...</div><div><br></div>",
        "message_personnel_sujet": "PROPOSITION DE RENDEZ-VOUS POUR ENTRETIEN D\"EMBAUCHE"
    },
    {
        "fullName": "OKOMA KOFFI ALEX JUNIOR",
        "message_personnel_date": "2024-10-16",
        "message_personnel_id": 3250,
        "message_personnel_message": "<div>Bonjour cher candidat!</div><div>Nous avons bien réçu <b>vos informations</b> concernant...</div><div><br></div>",
        "message_personnel_sujet": "PROPOSITION DE RENDEZ-VOUS POUR ENTRETIEN D\"EMBAUCHE"
    },
    {
        "fullName": "Coulibaly  Dognimin ",
        "message_personnel_date": "2024-10-17",
        "message_personnel_id": 3252,
        "message_personnel_message": "<div>Bonjour cher candidat!</div><div>Nous avons bien réçu <b>vos informations</b> concernant...</div><div><br></div>",
        "message_personnel_sujet": "PROPOSITION DE RENDEZ-VOUS POUR ENTRETIEN D\"EMBAUCHE"
    },
    {
        "fullName": "Coulibaly  Zoumanan kafana ",
        "message_personnel_date": "2024-10-17",
        "message_personnel_id": 3254,
        "message_personnel_message": "<div>Bonjour cher candidat!</div><div>Nous avons bien réçu <b>vos informations</b> concernant...</div><div><br></div>",
        "message_personnel_sujet": "PROPOSITION DE RENDEZ-VOUS POUR ENTRETIEN D\"EMBAUCHE"
    },
    {
        "fullName": "KOTCHI  MAMBO D'ALMÉIDA ",
        "message_personnel_date": "2024-10-17",
        "message_personnel_id": 3256,
        "message_personnel_message": "<div>Bonjour cher candidat!</div><div>Nous avons bien réçu <b>vos informations</b> concernant...</div><div><br></div>",
        "message_personnel_sujet": "PROPOSITION DE RENDEZ-VOUS POUR ENTRETIEN D\"EMBAUCHE"
    },
    {
        "fullName": "Cissé Aboubacar",
        "message_personnel_date": "2024-10-17",
        "message_personnel_id": 3260,
        "message_personnel_message": "<div>Bonjour cher candidat!</div><div>Nous avons bien réçu <b>vos informations</b> concernant...</div><div><br></div>",
        "message_personnel_sujet": "PROPOSITION DE RENDEZ-VOUS POUR ENTRETIEN D\"EMBAUCHE"
    },
    {
        "fullName": "Tia Franck-Delaure",
        "message_personnel_date": "2024-10-17",
        "message_personnel_id": 3261,
        "message_personnel_message": "<div>Bonjour cher candidat!</div><div>Nous avons bien réçu <b>vos informations</b> concernant...</div><div><br></div>",
        "message_personnel_sujet": "PROPOSITION DE RENDEZ-VOUS POUR ENTRETIEN D\"EMBAUCHE"
    },
    {
        "fullName": "Bakayoko  Abibatou ",
        "message_personnel_date": "2024-10-17",
        "message_personnel_id": 3262,
        "message_personnel_message": "<div>Bonjour cher candidat!</div><div>Nous avons bien réçu <b>vos informations</b> concernant...</div><div><br></div>",
        "message_personnel_sujet": "PROPOSITION DE RENDEZ-VOUS POUR ENTRETIEN D\"EMBAUCHE"
    },
    {
        "fullName": "KONAN  BROU RICHMOND ",
        "message_personnel_date": "2024-10-17",
        "message_personnel_id": 3264,
        "message_personnel_message": "<div>Bonjour cher candidat!</div><div>Nous avons bien réçu <b>vos informations</b> concernant...</div><div><br></div>",
        "message_personnel_sujet": "PROPOSITION DE RENDEZ-VOUS POUR ENTRETIEN D\"EMBAUCHE"
    },
    {
        "fullName": "Camara Kalfa",
        "message_personnel_date": "2024-10-18",
        "message_personnel_id": 3267,
        "message_personnel_message": "<div>Bonjour cher candidat!</div><div>Nous avons bien réçu <b>vos informations</b> concernant...</div><div><br></div>",
        "message_personnel_sujet": "PROPOSITION DE RENDEZ-VOUS POUR ENTRETIEN D\"EMBAUCHE"
    },
    {
        "fullName": "DOUMBIA  DRISSA ",
        "message_personnel_date": "2024-10-18",
        "message_personnel_id": 3270,
        "message_personnel_message": "<div>Bonjour cher candidat!</div><div>Nous avons bien réçu <b>vos informations</b> concernant...</div><div><br></div>",
        "message_personnel_sujet": "PROPOSITION DE RENDEZ-VOUS POUR ENTRETIEN D\"EMBAUCHE"
    },
    {
        "fullName": "DAO Mahamoudou",
        "message_personnel_date": "2024-10-18",
        "message_personnel_id": 3271,
        "message_personnel_message": "<div>Bonjour cher candidat!</div><div>Nous avons bien réçu <b>vos informations</b> concernant...</div><div><br></div>",
        "message_personnel_sujet": "PROPOSITION DE RENDEZ-VOUS POUR ENTRETIEN D\"EMBAUCHE"
    },
    {
        "fullName": "BAMBA Daouda ",
        "message_personnel_date": "2024-10-21",
        "message_personnel_id": 3278,
        "message_personnel_message": "<div>Bonjour cher candidat!</div><div>Nous avons bien réçu <b>vos informations</b> concernant...</div><div><br></div>",
        "message_personnel_sujet": "PROPOSITION DE RENDEZ-VOUS POUR ENTRETIEN D\"EMBAUCHE"
    },
    {
        "fullName": "KOUADIO EPSE ATTA ADJOA EMILIENNE",
        "message_personnel_date": "2024-10-21",
        "message_personnel_id": 3281,
        "message_personnel_message": "<div>Bonjour cher candidat!</div><div>Nous avons bien réçu <b>vos informations</b> concernant...</div><div><br></div>",
        "message_personnel_sujet": "PROPOSITION DE RENDEZ-VOUS POUR ENTRETIEN D\"EMBAUCHE"
    },
    {
        "fullName": "KOUYA  ABY HERMANN ",
        "message_personnel_date": "2024-10-22",
        "message_personnel_id": 3297,
        "message_personnel_message": "<div>Bonjour cher candidat!</div><div>Nous avons bien réçu <b>vos informations</b> concernant...</div><div><br></div>",
        "message_personnel_sujet": "PROPOSITION DE RENDEZ-VOUS POUR ENTRETIEN D\"EMBAUCHE"
    },
    {
        "fullName": "Kouakou  Koffi Raoul ",
        "message_personnel_date": "2024-10-23",
        "message_personnel_id": 3311,
        "message_personnel_message": "<div>Bonjour cher candidat!</div><div>Nous avons bien réçu <b>vos informations</b> concernant...</div><div><br></div>",
        "message_personnel_sujet": "PROPOSITION DE RENDEZ-VOUS POUR ENTRETIEN D\"EMBAUCHE"
    },
    {
        "fullName": "bamba souleymane ",
        "message_personnel_date": "2024-10-23",
        "message_personnel_id": 3312,
        "message_personnel_message": "<div>Bonjour cher candidat!</div><div>Nous avons bien réçu <b>vos informations</b> concernant...</div><div><br></div>",
        "message_personnel_sujet": "PROPOSITION DE RENDEZ-VOUS POUR ENTRETIEN D\"EMBAUCHE"
    },
    {
        "fullName": "SOUMAHORO NOZENE MARTINE",
        "message_personnel_date": "2024-10-24",
        "message_personnel_id": 3314,
        "message_personnel_message": "<div>Bonjour cher candidat!</div><div>Nous avons bien réçu <b>vos informations</b> concernant...</div><div><br></div>",
        "message_personnel_sujet": "PROPOSITION DE RENDEZ-VOUS POUR ENTRETIEN D\"EMBAUCHE"
    },
    {
        "fullName": "DOUA IBA OLIVIER ",
        "message_personnel_date": "2024-10-25",
        "message_personnel_id": 3348,
        "message_personnel_message": "<div>Bonjour cher candidat!</div><div>Nous avons bien réçu <b>vos informations</b> concernant...</div><div><br></div>",
        "message_personnel_sujet": "PROPOSITION DE RENDEZ-VOUS POUR ENTRETIEN D\"EMBAUCHE"
    },
    {
        "fullName": "Konan Koffi Anderson",
        "message_personnel_date": "2024-10-26",
        "message_personnel_id": 3356,
        "message_personnel_message": "<div>Bonjour cher candidat!</div><div>Nous avons bien réçu <b>vos informations</b> concernant...</div><div><br></div>",
        "message_personnel_sujet": "PROPOSITION DE RENDEZ-VOUS POUR ENTRETIEN D\"EMBAUCHE"
    },
    {
        "fullName": "Ballo Ouanitinè",
        "message_personnel_date": "2024-10-28",
        "message_personnel_id": 3391,
        "message_personnel_message": "<div>Bonjour cher candidat!</div><div>Nous avons bien réçu <b>vos informations</b> concernant...</div><div><br></div>",
        "message_personnel_sujet": "PROPOSITION DE RENDEZ-VOUS POUR ENTRETIEN D\"EMBAUCHE"
    },
    {
        "fullName": "Traore Kanimba Fatoumata",
        "message_personnel_date": "2024-10-28",
        "message_personnel_id": 3392,
        "message_personnel_message": "<div>Bonjour cher candidat!</div><div>Nous avons bien réçu <b>vos informations</b> concernant...</div><div><br></div>",
        "message_personnel_sujet": "PROPOSITION DE RENDEZ-VOUS POUR ENTRETIEN D\"EMBAUCHE"
    },
    {
        "fullName": "Ouedraogo Salif",
        "message_personnel_date": "2024-11-01",
        "message_personnel_id": 3416,
        "message_personnel_message": "<div>Bonjour cher candidat!</div><div>Nous avons bien réçu <b>vos informations</b> concernant...</div><div><br></div>",
        "message_personnel_sujet": "PROPOSITION DE RENDEZ-VOUS POUR ENTRETIEN D\"EMBAUCHE"
    },
    {
        "fullName": "Diaby  Mariam ",
        "message_personnel_date": "2024-11-01",
        "message_personnel_id": 3417,
        "message_personnel_message": "<div>Bonjour cher candidat!</div><div>Nous avons bien réçu <b>vos informations</b> concernant...</div><div><br></div>",
        "message_personnel_sujet": "PROPOSITION DE RENDEZ-VOUS POUR ENTRETIEN D\"EMBAUCHE"
    },
    {
        "fullName": "Ouedraogo Salif",
        "message_personnel_date": "2024-11-01",
        "message_personnel_id": 3418,
        "message_personnel_message": "<div>Bonjour cher candidat!</div><div>Nous avons bien réçu <b>vos informations</b> concernant...</div><div><br></div>",
        "message_personnel_sujet": "PROPOSITION DE RENDEZ-VOUS POUR ENTRETIEN D\"EMBAUCHE"
    },
    {
        "fullName": "Yavo N'cho Brice Ezechiel",
        "message_personnel_date": "2024-11-01",
        "message_personnel_id": 3419,
        "message_personnel_message": "<div>Bonjour cher candidat!</div><div>Nous avons bien réçu <b>vos informations</b> concernant...</div><div><br></div>",
        "message_personnel_sujet": "PROPOSITION DE RENDEZ-VOUS POUR ENTRETIEN D\"EMBAUCHE"
    },
    {
        "fullName": "KOUADIO  AMA EDWIGE REBECCA",
        "message_personnel_date": "2024-11-05",
        "message_personnel_id": 3425,
        "message_personnel_message": "<div>Bonjour cher candidat!</div><div>Nous avons bien réçu <b>vos informations</b> concernant...</div><div><br></div>",
        "message_personnel_sujet": "PROPOSITION DE RENDEZ-VOUS POUR ENTRETIEN D\"EMBAUCHE"
    },
    {
        "fullName": "Cisse Moussa",
        "message_personnel_date": "2024-11-08",
        "message_personnel_id": 3448,
        "message_personnel_message": "<div>Bonjour cher candidat!</div><div>Nous avons bien réçu <b>vos informations</b> concernant...</div><div><br></div>",
        "message_personnel_sujet": "PROPOSITION DE RENDEZ-VOUS POUR ENTRETIEN D\"EMBAUCHE"
    },
    {
        "fullName": "TRAORE Arouna",
        "message_personnel_date": "2024-11-11",
        "message_personnel_id": 3457,
        "message_personnel_message": "<div>Bonjour cher candidat!</div><div>Nous avons bien réçu <b>vos informations</b> concernant...</div><div><br></div>",
        "message_personnel_sujet": "PROPOSITION DE RENDEZ-VOUS POUR ENTRETIEN D\"EMBAUCHE"
    },
    {
        "fullName": "Kpahi Guy romain ",
        "message_personnel_date": "2024-11-14",
        "message_personnel_id": 3487,
        "message_personnel_message": "<div>Bonjour cher candidat!</div><div>Nous avons bien réçu <b>vos informations</b> concernant...</div><div><br></div>",
        "message_personnel_sujet": "PROPOSITION DE RENDEZ-VOUS POUR ENTRETIEN D\"EMBAUCHE"
    },
    {
        "fullName": "Drissa dabila yaya",
        "message_personnel_date": "2024-11-19",
        "message_personnel_id": 3508,
        "message_personnel_message": "<div>Bonjour cher candidat!</div><div>Nous avons bien réçu <b>vos informations</b> concernant...</div><div><br></div>",
        "message_personnel_sujet": "PROPOSITION DE RENDEZ-VOUS POUR ENTRETIEN D\"EMBAUCHE"
    },
    {
        "fullName": "BALLOT BAHI ANGE",
        "message_personnel_date": "2024-11-28",
        "message_personnel_id": 3734,
        "message_personnel_message": "<div>Bonjour cher candidat!</div><div>Nous avons bien réçu <b>vos informations</b> concernant...</div><div><br></div>",
        "message_personnel_sujet": "PROPOSITION DE RENDEZ-VOUS POUR ENTRETIEN D\"EMBAUCHE"
    },
    {
        "fullName": "KOFFI AMENAN PAULETTE EPSE KOUASSI",
        "message_personnel_date": "2025-01-14",
        "message_personnel_id": 3893,
        "message_personnel_message": "<div>Bonjour cher candidat!</div><div>Nous avons bien réçu <b>vos informations</b> concernant...</div><div><br></div>",
        "message_personnel_sujet": "PROPOSITION DE RENDEZ-VOUS POUR ENTRETIEN D\"EMBAUCHE"
    },
    {
        "fullName": "Bakayoko  Abdouramane ",
        "message_personnel_date": "2025-02-24",
        "message_personnel_id": 3937,
        "message_personnel_message": "<div>Bonjour cher candidat!</div><div>Nous avons bien réçu <b>vos informations</b> concernant...</div><div><br></div>",
        "message_personnel_sujet": "PROPOSITION DE RENDEZ-VOUS POUR ENTRETIEN D\"EMBAUCHE"
    },
    {
        "fullName": "GAIN GROUPE",
        "message_personnel_date": "2025-04-29",
        "message_personnel_id": 3979,
        "message_personnel_message": "<div>Bonjour cher candidat!</div><div>Nous avons bien réçu <b>vos informations</b> concernant...</div><div><br></div>",
        "message_personnel_sujet": "PROPOSITION DE RENDEZ-VOUS POUR ENTRETIEN D\"EMBAUCHE"
    }
]